{"741E82MB24": [54.52045749, -1.54733292], "152D23MJ24": [54.57911714, -1.23473187], "322K12MJ24": [53.15787025, -2.19257939], "882C34MJ24": [51.47634226, -0.03240071], "702O39MK24": [51.91631383, -0.67698232], "771F13MJ24": [51.4491405, -2.58131706], "322S28MK24": [53.46238912, -2.18050569], "502F33MJ24": [51.63087828, 0.32987844], "861E86MC24": [53.52216791, -1.13984771], "071V58ME24": [54.22822298, -1.37259649], "772L51MI24": [51.60993927, -3.65466148], "172M08MI24": [53.61032139, -2.1535226], "529A28MK24": [51.50438749, -0.05590458], "321O16MI24": [52.80390403, -2.12203232], "125N20ML24": [54.96840712, -1.61729256], "722A35MK24": [51.58180169, -0.31695834], "529N25MK24": [51.47356504, -0.05728795], "172P42MK24": [53.83306468, -1.77349296], "541S11MG24": [54.52045749, -1.54733292], "882O37MJ24": [51.49211693, 0.15231418], "631R29MK24": [51.56975854, -0.43774693], "512J46MK24": [51.54926311, 0.04444996], "872W34MJ24": [51.31583461, -0.13786161], "501F41MK24": [51.73637731, 0.4685976], "865D031519": [50.61530238, -2.45421884], "742C32MI24": [51.46130119, -0.21645098], "882B51MK24": [51.4899076, 0.06922071], "879B26MJ24": [51.51946865, -0.05973052], "471N55MK24": [51.8885969, 0.26084298], "362G43MK24": [53.50648427, -2.93085171], "522W80MK24": [51.52391684, -0.05954133], "092N24MJ24": [54.9734641, -2.0948037], "872C31MJ24": [51.42964485, -0.54649361], "321V38MF24": [51.58878915, -3.00054965], "542V59MJ24": [51.61411461, -0.14301257], "872R50MK24": [51.41872808, -0.13598396], "741K53MJ24": [51.45878561, -0.97182817], "861C35MH24": [51.33757627, -0.11400964], "512D43MJ24": [51.5219914, 0.29049726], "529C28MK24": [51.5233751, -0.07521981], "702Y13MI24": [52.45081991, -1.72584975], "521K40MJ24": [51.62888495, 0.41865765], "742J31MK24": [51.33029201, -1.06098349], "865V94MZ19": [50.61530238, -2.45421884], "442R13MG24": [53.48932692, -1.23433307], "861W58MI24": [50.72726032, -1.86449465], "362G82MK24": [53.44091362, -2.98111636], "882K48MK24": [51.39848958, -0.04954418], "352C31MK24": [53.45313742, -2.7303039], "522S22MJ24": [51.86669729, 0.16492027], "792G60MK24": [51.54736223, -3.59556516], "321V53MI24": [52.52466495, -2.04947397], "872O27MJ24": [51.40407224, -0.25591666], "872R51MJ24": [51.46418587, -0.17019671], "872F29MK24": [51.48618893, -0.12285021], "872D34MJ24": [51.29881444, -0.33320885], "731B22MG24": [51.47602415, -3.17931048], "872F17MJ24": [51.43819124, -0.1271344], "721H18MG24": [53.40555339, -2.16301183], "891P30MH24": [51.39615282, 0.30039277], "871G56MJ24": [51.37545184, -0.09275433], "232B16MK24": [53.52216791, -1.13984771], "691J11MG24": [52.51232708, -3.31139491], "875Q55MJ24": [51.46305861, -0.30153594], "741Y33MJ24": [51.55691978, -0.39923852], "321B76MJ24": [53.40555339, -2.16301183], "861W18MK24": [50.68162606, -2.22145633], "882V48MK24": [51.44473868, -0.02476545], "862L36MI24": [51.42127315, -0.20634427], "631C26MI24": [51.31171508, 0.89107552], "882R28MH24": [51.08288947, 1.16951441], "725M43MG24": [52.03429705, -0.77412566], "742P45MJ24": [51.51005463, -0.47221381], "122I10MJ24": [54.95955035, -1.46136672], "661H33MH24": [51.55441576, -0.28558507], "302E84MK24": [53.82192728, -3.04927076], "872J41MK24": [51.47003278, -0.06937434], "782Y45MK24": [51.64471116, -3.32700089], "632O57MK24": [51.65307158, -0.28005772], "882E69MK24": [51.48262337, 0.00294], "471B53MK24": [51.9014446, 0.19980765], "529N24MJ24": [51.46820164, -0.0893352], "880Y22CF24": [51.19140722, 0.27100092], "251C35MG24": [51.5800694, -0.23864858], "702O35MI24": [51.49789822, -0.21034051], "671O98MH24": [51.50493592, -2.56243208], "321P28MI24": [53.8049284, -1.45158494], "572N35MJ24": [52.88500514, -1.28751503], "871H18MK24": [51.4769589, -0.14750874], "872P35MJ24": [51.39192567, -0.08827467], "532J56MJ24": [51.52583179, -0.08850902], "312U25MI24": [53.69821086, -1.77944106], "621W23MG24": [50.92460906, -0.14592581], "872K18MJ24": [51.38642136, 0.35698056], "631D32MK24": [51.54847637, -0.19181184], "892A32MI24": [51.29321596, 0.3062722], "872H34MK24": [51.42447881, -0.33268462], "862N63MJ24": [50.8460586, -0.88292824], "512D25MK24": [51.57446766, -0.07665652], "472H80MK24": [52.10359812, 0.1656457], "862S32MJ24": [51.48178332, -0.32482025], "362O24MK24": [53.45622975, -2.96574637], "522W74MJ24": [51.58190431, 0.20599053], "361L09MH24": [53.30557705, -1.62629563], "872E40MJ24": [51.33438993, -0.26875313], "871P33MK24": [51.31846636, -0.55694037], "529A27MJ24": [51.43927806, -0.05313141], "872C67MJ24": [51.26415129, -0.15020041], "722C23MK24": [51.65265818, -0.39168809], "262D10MJ24": [53.06999919, -1.22178482], "871F20MJ24": [51.11691794, -0.161157], "522D26MI24": [51.5373355, 0.69149485], "522N47MI24": [51.47707172, -0.28503118], "161Y82MG24": [51.53088364, -0.1229003], "432A60MJ24": [52.55294625, -1.97620623], "801W12MA24": [53.06358674, -2.51895921], "522Y49MJ24": [51.50528427, -0.21763043], "362S23MJ24": [53.55349171, -3.07090546], "421K12MK24": [53.08658047, -2.24481591], "882D18MK24": [50.86694273, 0.59159662], "092S29MK24": [53.83850615, -1.7904831], "721H21MI24": [52.52638608, -1.46386627], "731C11MI24": [51.37768133, -2.35701657], "546M34CK24": [51.59792501, -0.12020993], "622W29MG24": [51.36296263, -0.09343081], "652C32MJ24": [52.5017945, -1.98049015], "321O10MC24": [51.06720313, -1.31968803], "541P52MK24": [51.53088364, -0.1229003], "622V51MI24": [51.45330372, -0.10226347], "880Y67CE24": [51.2906324, -0.83078951], "872J32MJ24": [51.48618893, -0.12285021], "382N141K24": [53.39470908, -3.01367956], "722J45MJ24": [51.53949404, 0.08092936], "522N55MK24": [51.54701169, -0.04233259], "861F16MI24": [50.99252008, -1.49313372], "362O99MI24": [53.44828486, -2.35379603], "872L33MK24": [51.39245704, -0.3039362], "882N30MI24": [51.44134707, 0.3666727], "172C28MJ24": [53.95833792, -1.53347283], "862N18MI24": [50.81834422, -0.39296012], "872F61MK24": [50.87062474, 0.01135833], "865O94MY19": [50.61530238, -2.45421884], "152D21MJ24": [54.52045749, -1.54733292], "321K12MJ24": [53.74993759, -1.5909803], "782P47MK24": [51.57157713, -3.21849218], "071V56MB24": [53.68308849, -1.5061129], "872O42MJ24": [51.5118096, -0.10330643], "792E22MK24": [51.67387102, -4.16132599], "162R13MJ24": [53.74798241, -0.73224897], "292S15MK24": [53.79352471, -2.24497188], "512J42MJ24": [51.55533622, -0.15074451], "872J36MJ24": [51.46149322, -0.08054598], "872G32MJ24": [51.46418587, -0.17019671], "352U27MK24": [53.60204656, -3.04264947], "232C22MH24": [53.61608142, -0.9723357], "872E44MK24": [51.4769589, -0.14750874], "251W36MJ24": [53.52216791, -1.13984771], "791L55MI24": [51.47602415, -3.17931048], "871P23MJ24": [51.31901629, -0.15423653], "522O26MJ24": [51.7878448, 0.00129646], "522D30NK24": [51.53197217, -0.0572521], "872M52MJ24": [51.4057984, 0.00180992], "872N52MK24": [51.47707172, -0.28503118], "652N42MK24": [52.60489911, -1.84490766], "872J29MK24": [51.42127315, -0.20634427], "525W742K24": [51.5179909, -0.0813999], "861H29MK24": [50.81656499, -0.48937021], "532K59MK24": [51.66849845, -0.17614758], "521B58MJ24": [51.78107448, 0.09515872], "622V59MK24": [51.81465014, -0.35145634], "872F19MK24": [51.46464724, -0.0375111], "641G25MF24": [52.5017945, -1.98050489], "882K46MK24": [51.45624249, -0.0190151], "872V36MI24": [51.65307158, -0.28005772], "362S22MI24": [53.63406373, -3.01444702], "872L26MJ24": [51.30850867, -0.07792441], "171Y25MI24": [53.23823693, -1.42011391], "731C82MK24": [51.51866978, -0.72264232], "622W31MH24": [51.43174581, -0.10380421], "872V25MI24": [51.48618893, -0.12285021], "861W12MG24": [51.31846636, -0.55694037], "872E38MJ24": [51.25400778, -0.32846705], "522K42MK24": [51.54189515, -0.00336913], "892E83MJ24": [51.49402824, -0.09870022], "652Y08MJ24": [52.40082841, -1.51345048], "622S12MJ24": [52.02641153, -0.59453468], "872S33MK24": [51.48618893, -0.12285021], "722A37MK24": [51.53202792, -0.24324447], "161B20MI24": [53.79108845, -1.7495992], "521B60MK24": [51.58830989, -0.05990411], "872G44MJ24": [51.47512693, -0.04037327], "882D60MK24": [51.3999742, 0.01736965],